=====================
BEGIN E:\_src\Localizations\简体中文\ArtifactCanvas_prefab.csv
=====================
=====================
END E:\_src\Localizations\简体中文\ArtifactCanvas_prefab.csv
=====================
=====================
BEGIN E:\_src\Localizations\简体中文\Caves_scene.csv
=====================
Missing translation (translation column autofilled).
100
Original:
  boom goes here (not working)
Translation:
  boom goes here (not working)
=====================
END E:\_src\Localizations\简体中文\Caves_scene.csv
=====================
=====================
BEGIN E:\_src\Localizations\简体中文\Credits_scene.csv
=====================
Missing translation (translation column autofilled).
2
Original:
  Allison Lu
Translation:
  Allison Lu
Missing translation (translation column autofilled).
4
Original:
  Avery Greer
Translation:
  Avery Greer
Missing translation (translation column autofilled).
7
Original:
  Nathaniel Koehler
  Elizabeth Liu
  Cynthia Peng
  Gazal Mathur
  Mike Wang
  Esther Moon
  Nia Bellamy
Translation:
  Nathaniel Koehler
  Elizabeth Liu
  Cynthia Peng
  Gazal Mathur
  Mike Wang
  Esther Moon
  Nia Bellamy
Missing translation (translation column autofilled).
10
Original:
  Daniel Carr
Translation:
  Daniel Carr
Missing translation (translation column autofilled).
12
Original:
  Chase O'Brien
Translation:
  Chase O'Brien
Missing translation (translation column autofilled).
14
Original:
  Eli Corley
Translation:
  Eli Corley
Missing translation (translation column autofilled).
16
Original:
  Travis Bittel
Translation:
  Travis Bittel
Missing translation (translation column autofilled).
18
Original:
  Ethan 
  Aristanto
Translation:
  Ethan 
  Aristanto
Missing translation (translation column autofilled).
20
Original:
  Alan Tao
Translation:
  Alan Tao
Missing translation (translation column autofilled).
22
Original:
  Drew Busch
Translation:
  Drew Busch
Missing translation (translation column autofilled).
24
Original:
  Elliot Chen
Translation:
  Elliot Chen
Missing translation (translation column autofilled).
26
Original:
  Logan Bowers
Translation:
  Logan Bowers
Missing translation (translation column autofilled).
29
Original:
  Kate Tran 
  Jimmy Huang
  Maddie King
  Sudarshan Srinivasan
  Vu Nguyen
  Rithvik Maladi
Translation:
  Kate Tran 
  Jimmy Huang
  Maddie King
  Sudarshan Srinivasan
  Vu Nguyen
  Rithvik Maladi
Missing translation (translation column autofilled).
30
Original:
  Pawan 
  Jayakumar
Translation:
  Pawan 
  Jayakumar
Missing translation (translation column autofilled).
31
Original:
  Jamie Lee
Translation:
  Jamie Lee
Missing translation (translation column autofilled).
34
Original:
  Koushik Thiyagarajan
  Kristian Chappell
  Aneesh Boreda
  Kenneth Wang
  Muskaan Gupta
Translation:
  Koushik Thiyagarajan
  Kristian Chappell
  Aneesh Boreda
  Kenneth Wang
  Muskaan Gupta
Missing translation (translation column autofilled).
36
Original:
  Reinart Realina
  Thomas Dayton
  Nicolas Cai
  Tristan Ziegler
  Zhenyu Wu
  Steven Jia
Translation:
  Reinart Realina
  Thomas Dayton
  Nicolas Cai
  Tristan Ziegler
  Zhenyu Wu
  Steven Jia
Missing translation (translation column autofilled).
38
Original:
  Sara Inani
Translation:
  Sara Inani
Missing translation (translation column autofilled).
40
Original:
  Max Zhang
Translation:
  Max Zhang
=====================
END E:\_src\Localizations\简体中文\Credits_scene.csv
=====================
=====================
BEGIN E:\_src\Localizations\简体中文\Desert_scene.csv
=====================
Difference between tags in orig and translation
Original tags: []
Translation tags: ['<#ff9040>', '</color>']
25
Original:
  Oh, you've found part of the Scroll! Yes, this is very helpful!
Translation:
  哦,你找到了一张<#ff9040>魔法卷轴</color>的碎片?是的,这张卷轴很有用~
Difference between tags in orig and translation
Original tags: []
Translation tags: ['<#ff9040>', '</color>']
95
Original:
  feel free to give yourself the "Scroll of Realigning" in the cheats menu
Translation:
  如果真的卡住了,您需要从"作弊"菜单里选择给自己一个<#ff9040>[对齐]卷轴</color>.
Difference between tags in orig and translation
Original tags: []
Translation tags: ['</wavy>', '<wavy>']
114
Original:
  Could you get my friends, Baboon and Jackal? Then Gazelle last!
Translation:
  能不能告诉我的朋友,[狒狒]和[豺狼]?然后<wavy>最后</wavy>告诉羚羊!
Missing translation (translation column autofilled).
144
Original:
  <var>desertRemainingShakeDirection</var>
Translation:
  <var>desertRemainingShakeDirection</var>
Difference between tags in orig and translation
Original tags: []
Translation tags: ['</wavy>', '<wavy>']
233
Original:
  Woah, I hope that large object falling didn't interfere with that gentleman's game of dice over yonder!
Translation:
  哇,我希望那个巨大物体的<wavy>掉落</wavy>不会影响到那边的骰子局!
Difference between tags in orig and translation
Original tags: []
Translation tags: ['</wavy>', '<wavy>']
236
Original:
  Woah, I hope that massive explosion doesn't interfere with that gentleman's game of dice over yonder!
Translation:
  哇,我希望那个<wavy>巨大的爆炸</wavy>不会影响到那边的骰子局!
Missing translation (translation column autofilled).
308
Original:
  <var>MiscChadFollowPlayerChirp</var>
Translation:
  <var>MiscChadFollowPlayerChirp</var>
=====================
END E:\_src\Localizations\简体中文\Desert_scene.csv
=====================
=====================
BEGIN E:\_src\Localizations\简体中文\DollyCanvas_prefab.csv
=====================
=====================
END E:\_src\Localizations\简体中文\DollyCanvas_prefab.csv
=====================
=====================
BEGIN E:\_src\Localizations\简体中文\EndOfGame_scene.csv
=====================
=====================
END E:\_src\Localizations\简体中文\EndOfGame_scene.csv
=====================
=====================
BEGIN E:\_src\Localizations\简体中文\Factory_scene.csv
=====================
Missing translation (translation column autofilled).
49
Original:
  <var>FactoryPrinterParts</var>
Translation:
  <var>FactoryPrinterParts</var>
Missing translation (translation column autofilled).
50
Original:
  <var>FactoryPrinterParts</var>
Translation:
  <var>FactoryPrinterParts</var>
Missing translation (translation column autofilled).
52
Original:
  <var>FactoryPrinterPartsHint</var>
Translation:
  <var>FactoryPrinterPartsHint</var>
Missing translation (translation column autofilled).
53
Original:
  <var>FactoryPrinterParts</var>
Translation:
  <var>FactoryPrinterParts</var>
Missing translation (translation column autofilled).
221
Original:
  <var>MiscChadFollowPlayerChirp</var>
Translation:
  <var>MiscChadFollowPlayerChirp</var>
=====================
END E:\_src\Localizations\简体中文\Factory_scene.csv
=====================
=====================
BEGIN E:\_src\Localizations\简体中文\IntroCutscene_scene.csv
=====================
=====================
END E:\_src\Localizations\简体中文\IntroCutscene_scene.csv
=====================
=====================
BEGIN E:\_src\Localizations\简体中文\Jungle_scene.csv
=====================
Missing translation (translation column autofilled).
34
Original:
  <var>jungleUIHintText</var>
Translation:
  <var>jungleUIHintText</var>
Difference between tags in orig and translation
Original tags: []
Translation tags: ['</wavy>', '</wavy>', '<wavy>', '<wavy>']
37
Original:
  It can show you EVERYTHING about ANYTHING! (related to recipes)
Translation:
  它能告诉你关于<wavy>任何事情</wavy>的<wavy>任何事情</wavy>!(仅限于配方)
Missing translation (translation column autofilled).
103
Original:
  <var>JungleShopBlobDialogue</var>
Translation:
  <var>JungleShopBlobDialogue</var>
Missing translation (translation column autofilled).
113
Original:
  Aww <3
Translation:
  Aww <3
Missing translation (translation column autofilled).
205
Original:
  <var>jungleChadSpeak</var>
Translation:
  <var>jungleChadSpeak</var>
Missing translation (translation column autofilled).
206
Original:
  <var>jungleChadSpeak</var>
Translation:
  <var>jungleChadSpeak</var>
Missing translation (translation column autofilled).
207
Original:
  <var>jungleChadSpeak</var>
Translation:
  <var>jungleChadSpeak</var>
=====================
END E:\_src\Localizations\简体中文\Jungle_scene.csv
=====================
=====================
BEGIN E:\_src\Localizations\简体中文\MagiTech_scene.csv
=====================
Missing translation (translation column empty).
0
Original:
  Hold <AltViewHold> to view the past
Translation:

Missing translation (translation column empty).
1
Original:
  Hey what are you- wait, you're the person with all the magical artifacts!
Translation:

Missing translation (translation column empty).
2
Original:
  Perfect! You have that <#2e44f0>Anchor</color>, right? I've been writing my thesis on how it affects time and space!
Translation:

Missing translation (translation column empty).
3
Original:
  I theorize that with the <#2e44f0>Anchor</color> artifact, we might be capable of separating timelines.
Translation:

Missing translation (translation column empty).
4
Original:
  Or more specifically, creating a <#c060c0><wavy>desync</wavy></color>!
Translation:

Missing translation (translation column empty).
5
Original:
  Fascinating! <#c060c0><wavy>Desyncs</wavy></color>! I need to start writing my papers write away.
Translation:

Missing translation (translation column empty).
6
Original:
  There's so much possible with these.
Translation:

Missing translation (translation column empty).
7
Original:
  Is this what it feels like?! A <#c060c0><wavy>desync</wavy></color>!
Translation:

Missing translation (translation column empty).
8
Original:
  These <#c060c0><wavy>desyncs</wavy></color> are so fascinating, they break all rules we know.
Translation:

Missing translation (translation column empty).
9
Original:
  I'm sure to win an award for this Desync paper!
Translation:

Missing translation (translation column empty).
38
Original:
  Buzz off.
Translation:

Missing translation (translation column empty).
39
Original:
  You'll never catch me!
Translation:

Missing translation (translation column empty).
40
Original:
  Aha! This time you'll finally meet your match explorer!
Translation:

Missing translation (translation column empty).
41
Original:
  I've nabbed this powerful portal device, and with it we'll have our fiercest competition yet!
Translation:

Missing translation (translation column empty).
42
Original:
  First, let me turn this on...
Translation:

Missing translation (translation column empty).
43
Original:
  Aha! It worked! And now, with this portal on we're gonna...
Translation:

Missing translation (translation column empty).
44
Original:
  We're gonna...
Translation:

Missing translation (translation column empty).
45
Original:
  ...
Translation:

Missing translation (translation column empty).
46
Original:
  I... I don't know...
Translation:

Missing translation (translation column empty).
47
Original:
  It doesn't even matter. You're gonna win anyways. You always do.
Translation:

Missing translation (translation column empty).
48
Original:
  Why do I even try? I'm just... not good enough.
Translation:

Missing translation (translation column empty).
49
Original:
  Here, just take it.
Translation:

Missing translation (translation column empty).
50
Original:
  I need some time to myself.
Translation:

Missing translation (translation column empty).
51
Original:
  I... I can't do anything right.
Translation:

Missing translation (translation column empty).
52
Original:
  I'm a terrible research assistant.
Translation:

Missing translation (translation column empty).
53
Original:
  That explorer has helped you more than I have.
Translation:

Missing translation (translation column empty).
54
Original:
  What am I even here for? I just keep letting everyone down.
Translation:

Missing translation (translation column empty).
55
Original:
  I give up...
Translation:

Missing translation (translation column empty).
56
Original:
  What I could do, huh?
Translation:

Missing translation (translation column empty).
57
Original:
  What I could do, huh?
Translation:

Missing translation (translation column empty).
58
Original:
  Explorer! I have changed my ways.
Translation:

Missing translation (translation column empty).
59
Original:
  The great Chad will now be of service to you!
Translation:

Missing translation (translation column empty).
60
Original:
  Lead the way, Explorer. We shall accomplish great things, together.
Translation:

Missing translation (translation column empty).
61
Original:
  Ha! This foreman was no match for my irresistible charm.
Translation:

Missing translation (translation column empty).
62
Original:
  You got the goods right? Turning on the laser was a piece of cake.
Translation:

Missing translation (translation column empty).
63
Original:
  Lead the way, explorer. Our journey continues!
Translation:

Missing translation (translation column empty).
64
Original:
  <var>MiscChadFollowPlayerChirp</var>
Translation:

Missing translation (translation column empty).
65
Original:
  No, no... I've traversed the fabric of time on my own. A time portal, you say?
Translation:

Missing translation (translation column empty).
66
Original:
  A permanent gateway through time, how positively fascinating! Maybe, I can help?
Translation:

Missing translation (translation column empty).
67
Original:
  Lochui-a-kee, benestratum, agra booly!
Translation:

Missing translation (translation column empty).
68
Original:
  Thanks, I coul-
Translation:

Missing translation (translation column empty).
69
Original:
  Hmph, what a strange man.
Translation:

Missing translation (translation column empty).
70
Original:
  I'm bullish on our plan... these "scientists" are impressively capable!
Translation:

Missing translation (translation column empty).
71
Original:
  Home, sweet home.
Translation:

Missing translation (translation column empty).
72
Original:
  Ignis! Galvic! Lend me your aid.
Translation:

Missing translation (translation column empty).
73
Original:
  Friends, I've come from the future. Rally everyone; we must depart at once!
Translation:

Missing translation (translation column empty).
74
Original:
  Melanie, my dear... you're going to have to leave your castle...
Translation:

Missing translation (translation column empty).
75
Original:
  I know you've made a lifetime's worth of memories here; this is the best result I could come up with.
Translation:

Missing translation (translation column empty).
76
Original:
  My fellow wizarding compatriots... I bring great and terrible news!
Translation:

Missing translation (translation column empty).
77
Original:
  The impending disaster, one sure to spell an end for humanity,
Translation:

Missing translation (translation column empty).
78
Original:
  Your memories...
Translation:

Missing translation (translation column empty).
79
Original:
  They'll be annihilated in the coming week.
Translation:

Missing translation (translation column empty).
80
Original:
  I'm truly sorry... I've explored every possibility and this was the only solution.
Translation:

Missing translation (translation column empty).
81
Original:
  I hope you'll accept this outcome.
Translation:

Missing translation (translation column empty).
82
Original:
  The ancient meteor, heading straight to this location!
Translation:

Missing translation (translation column empty).
83
Original:
  Through trials and tough times, I've found the way to save everyone!
Translation:

Missing translation (translation column empty).
84
Original:
  The "scientists" and I have managed to PERFECT the art of time travel.
Translation:

Missing translation (translation column empty).
85
Original:
  <wavy>We shall seek shelter in the future!</wavy>
Translation:

Missing translation (translation column empty).
86
Original:
  Having worked with them personally, believe me when I say they are compassionate beyond belief.
Translation:

Missing translation (translation column empty).
87
Original:
  It will be difficult, but I believe we can educate one another, and become one people!
Translation:

Missing translation (translation column empty).
88
Original:
  But... regrettably...
Translation:

Missing translation (translation column empty).
89
Original:
  Your homes...
Translation:

Missing translation (translation column empty).
90
Original:
  Wait, you're from the past! Did you slip in while the portal was opened?
Translation:

Missing translation (translation column empty).
91
Original:
  On your own?? How- uh, did you travel through time on your own?
Translation:

Missing translation (translation column empty).
92
Original:
  We developed this gun to shoot portals, but we're struggling to keep them stable.
Translation:

Missing translation (translation column empty).
93
Original:
  Holy crap, you're amazing!
Translation:

Missing translation (translation column empty).
94
Original:
  Hey! Where are you going with that!
Translation:

Missing translation (translation column empty).
95
Original:
  Oh man, I knew I should've kept a closer eye on that gun.
Translation:

Missing translation (translation column empty).
96
Original:
  You should be careful near that portal. We can't be sure it's stable!
Translation:

Missing translation (translation column empty).
97
Original:
  All this past and present is so confusing.
Translation:

Missing translation (translation column empty).
98
Original:
  Changing the past affects the future, but changing the future doesn't affect the past.
Translation:

Missing translation (translation column empty).
99
Original:
  All of your friends are here!
Translation:

Missing translation (translation column empty).
100
Original:
  Destroy the rocks? Rig up explosives and use the laser!
Translation:

Missing translation (translation column empty).
101
Original:
  Watch 'em go kaBOOM!
Translation:

Missing translation (translation column empty).
102
Original:
  Oh... Erm...
Translation:

Missing translation (translation column empty).
103
Original:
  There're some real funny fellas 'round here, huh.
Translation:

Missing translation (translation column empty).
104
Original:
  Think any of 'em know explosion magic?
Translation:

Missing translation (translation column empty).
105
Original:
  ...
Translation:

Missing translation (translation column empty).
106
Original:
  Oh, you're wondering why it didn't explode?
Translation:

Missing translation (translation column empty).
107
Original:
  I've been preparing this just for you.
Translation:

Missing translation (translation column empty).
108
Original:
  Check it!
Translation:

Missing translation (translation column empty).
109
Original:
  That was cool!! Right?!
Translation:

Missing translation (translation column empty).
110
Original:
  Right..?
Translation:

Missing translation (translation column empty).
111
Original:
  What the hell's the mattah with ya!
Translation:

Missing translation (translation column empty).
112
Original:
  You can't just leave this lasah on! You know how much powah that thing uses?
Translation:

Missing translation (translation column empty).
113
Original:
  We're fighting faw scraps of electricity down at the factory!
Translation:

Missing translation (translation column empty).
114
Original:
  And do you know how dangerous that is? someone could lose an ahm!
Translation:

Missing translation (translation column empty).
115
Original:
  Don't tuhn this lasah back on, okay?
Translation:

Missing translation (translation column empty).
116
Original:
  Hey you theyah, weeuh you the one who tuhned this on?
Translation:

Missing translation (translation column empty).
117
Original:
  Wehll don't do that!!
Translation:

Missing translation (translation column empty).
118
Original:
  Huh I gyuess uh, we can leave the lasah on for a bit.
Translation:

Missing translation (translation column empty).
119
Original:
  My rawket's ready? Hawp in, you desahve it!
Translation:

Missing translation (translation column empty).
120
Original:
  Our super-laser packs quite a punch! We're running some tests on its power.
Translation:

Missing translation (translation column empty).
121
Original:
  Can you get me some oil so I can verify its impact?
Translation:

Missing translation (translation column empty).
122
Original:
  Wow! Lasers are so cool!!
Translation:

Missing translation (translation column empty).
123
Original:
  Haha, I'm sure that's not a problem.
Translation:

Missing translation (translation column empty).
124
Original:
  Sorry sir...
Translation:

Missing translation (translation column empty).
125
Original:
  Yes, sir.
Translation:

Missing translation (translation column empty).
126
Original:
  Sorry man... we gotta leave the laser off.
Translation:

Missing translation (translation column empty).
127
Original:
  It would take an incredibly charming man to convince him otherwise.
Translation:

Missing translation (translation column empty).
128
Original:
  My love for lasers will overcome all my problems in life!
Translation:

Missing translation (translation column empty).
129
Original:
  This time I'm going all out!
Translation:

Missing translation (translation column empty).
130
Original:
  Ready?
Translation:

Missing translation (translation column empty).
131
Original:
  Boom.
Translation:

Missing translation (translation column empty).
132
Original:
  What? You want more?
Translation:

Missing translation (translation column empty).
133
Original:
  This <wavy>idiot</wavy> insinuated I was too short to be a wizard!
Translation:

Missing translation (translation column empty).
134
Original:
  A DUEL will settle this finely.
Translation:

Missing translation (translation column empty).
135
Original:
  Hand me that Shield Generator, and his spells will be null against me.
Translation:

Missing translation (translation column empty).
136
Original:
  He'll stand no chance! Hahaha!
Translation:

Missing translation (translation column empty).
137
Original:
  Drat... I'm back on his level.
Translation:

Missing translation (translation column empty).
138
Original:
  Get me back my Shield! I can regain the advantage then.
Translation:

Missing translation (translation column empty).
139
Original:
  aHA! Who's too short now?
Translation:

Missing translation (translation column empty).
140
Original:
  You stand no chance against this fireball!
Translation:

Missing translation (translation column empty).
141
Original:
  Now we're on even footing! And it seems we've reached an stalemate...
Translation:

Missing translation (translation column empty).
142
Original:
  What say we call it a truce.
Translation:

Missing translation (translation column empty).
143
Original:
  Perhaps fire and lightning aren't so different after all.
Translation:

Missing translation (translation column empty).
144
Original:
  These kerfuffles are truly brash aren't they?
Translation:

Missing translation (translation column empty).
145
Original:
  I propose we team up! Knowledge is the true sign of class.
Translation:

Missing translation (translation column empty).
146
Original:
  These kerfuffles are truly brash aren't they?
Translation:

Missing translation (translation column empty).
147
Original:
  Knowledge is the true sign of class. Let us team up!
Translation:

Missing translation (translation column empty).
148
Original:
  These kerfuffles are truly brash aren't they?
Translation:

Missing translation (translation column empty).
149
Original:
  Knowledge is the true sign of class. Let us team up!
Translation:

Missing translation (translation column empty).
150
Original:
  Is it true, Fezziwig? It's possible?
Translation:

Missing translation (translation column empty).
151
Original:
  Aha! This "Museum" will be a fine location to store my newly developed relics.
Translation:

Missing translation (translation column empty).
152
Original:
  I just said what that girl at the bar said.
Translation:

Missing translation (translation column empty).
153
Original:
  Uh oh, lil bro is upset.
Translation:

Missing translation (translation column empty).
154
Original:
  I'm not gonna win this fight if he has the Shield Generator.
Translation:

Missing translation (translation column empty).
155
Original:
  Woah, I'm toast without protection.
Translation:

Missing translation (translation column empty).
156
Original:
  Is it getting hot in here or is that just me?
Translation:

Missing translation (translation column empty).
157
Original:
  Ha! You can't get me anymore!
Translation:

Missing translation (translation column empty).
158
Original:
  Now perish before my lightning spell!
Translation:

Missing translation (translation column empty).
159
Original:
  Damn you! Now I'll never win this battle. Perhaps the time has come for a new approach.
Translation:

Missing translation (translation column empty).
160
Original:
  A truce it is!
Translation:

Missing translation (translation column empty).
161
Original:
  Now that you say it, our combined powers would be unstoppable!
Translation:

Missing translation (translation column empty).
162
Original:
  Don't worry, with our efforts combined, we'll pave the way for fire and lightning.
Translation:

Missing translation (translation column empty).
163
Original:
  Don't worry, with our efforts combined, we'll pave the way for fire and lightning.
Translation:

Missing translation (translation column empty).
164
Original:
  Don't worry, with our efforts combined, we'll pave the way for fire and lightning.
Translation:

Missing translation (translation column empty).
165
Original:
  Radical!
Translation:

Missing translation (translation column empty).
166
Original:
  Whatever you say lil bro.
Translation:

Missing translation (translation column empty).
167
Original:
  Two wizards had a legendary duel here, but unfortunately they both died.
Translation:

Missing translation (translation column empty).
168
Original:
  Imagine what they could have done together, with the power of friendship!
Translation:

Missing translation (translation column empty).
169
Original:
  I have spots for the Shield Generator and a Gem they would have created.
Translation:

Missing translation (translation column empty).
170
Original:
  I have spots for the Shield Generator and a Gem they would have created.
Translation:

Missing translation (translation column empty).
171
Original:
  If they lived!
Translation:

Missing translation (translation column empty).
172
Original:
  Behold! The Fire gem. (Don't touch it.)
Translation:

Missing translation (translation column empty).
173
Original:
  It was created by the short wizard after he won the duel!
Translation:

Missing translation (translation column empty).
174
Original:
  The only rope I have is the perfect size for it!
Translation:

Missing translation (translation column empty).
175
Original:
  Behold! The Lightning gem. (Don't touch it)
Translation:

Missing translation (translation column empty).
176
Original:
  It was created by the lightning wizard after he won the duel!
Translation:

Missing translation (translation column empty).
177
Original:
  The only rope I have is the perfect size for it!
Translation:

Missing translation (translation column empty).
178
Original:
  Hey! Where are you taking that?!
Translation:

Missing translation (translation column empty).
179
Original:
  Tall and small, joining powers! Who would have thought?
Translation:

Missing translation (translation column empty).
180
Original:
  In fact, the gem the made is so big I can't even rope it off!
Translation:

Missing translation (translation column empty).
181
Original:
  Anyways, it's brought in more visitors. Take this as thanks.
Translation:

Missing translation (translation column empty).
182
Original:
  Tall and small, joining powers! Who would have thought?
Translation:

Missing translation (translation column empty).
183
Original:
  In fact, the gem the made is so big I can't even rope it off!
Translation:

Missing translation (translation column empty).
184
Original:
  Anyways, it's brought in more visitors. Take this as thanks.
Translation:

Missing translation (translation column empty).
185
Original:
  Business is booming.
Translation:

Missing translation (translation column empty).
186
Original:
  Hey, where'd the gem go?
Translation:

Missing translation (translation column empty).
187
Original:
  I knew I should've bought insurance.
Translation:

Missing translation (translation column empty).
188
Original:
  I pray whoever took the Burger enjoys it wholeheartedly... for my enjoyment comes from creation, not consumption.
Translation:

Missing translation (translation column empty).
189
Original:
  Hear thee, hear thee! I introduce to you... the Burger! Allow me to show you its juicy deliciousness!
Translation:

Missing translation (translation column empty).
190
Original:
  I'm sure this invention will go down in the history books.
Translation:

Missing translation (translation column empty).
191
Original:
  Wait, where are you going with that? Oh my days, someone help me!
Translation:

Missing translation (translation column empty).
192
Original:
  Well... you look like you need it more than me... you can have it.
Translation:

Missing translation (translation column empty).
193
Original:
  Wait, that's not my burger. What is that?
Translation:

Missing translation (translation column empty).
194
Original:
  Back to the kitchen for me, I suppose.
Translation:

Missing translation (translation column empty).
195
Original:
  You glutton! You need not 2 burgers!!
Translation:

Missing translation (translation column empty).
196
Original:
  My castle has gone missing! Good heavens what sorcery is this?
Translation:

Missing translation (translation column empty).
197
Original:
  Ahhh! Where did all those mushrooms come from? Did I botch the spell that badly?
Translation:

Missing translation (translation column empty).
198
Original:
  Broken bridge, dissapearing castle, mushrooms everywhere, oh is there no end to this madness?
Translation:

Missing translation (translation column empty).
199
Original:
  I sense something. Is that.. the castle? Could it be?
Translation:

Missing translation (translation column empty).
200
Original:
  But these stupid fungi are still in my way.
Translation:

Missing translation (translation column empty).
201
Original:
  Aha! I knew my castle was nearby
Translation:

Missing translation (translation column empty).
202
Original:
  But I can't fix the bridge. There's still... mushrooms in the way
Translation:

Missing translation (translation column empty).
203
Original:
  It's like they're... sucking away my power. What foul and heinous creations!
Translation:

Missing translation (translation column empty).
204
Original:
  The mushrooms are gone! Gone at last!
Translation:

Missing translation (translation column empty).
205
Original:
  But... my castle. Oh where has my castle gone?
Translation:

Missing translation (translation column empty).
206
Original:
  My castle! My beautiful, mushroomless castle!
Translation:

Missing translation (translation column empty).
207
Original:
  Oh what a wonderful day this is! My power has returned at last!
Translation:

Missing translation (translation column empty).
208
Original:
  One bridge made, coated with anti-shroomness...one less black market for me.
Translation:

Missing translation (translation column empty).
209
Original:
  Sweet, sweet home.
Translation:

Missing translation (translation column empty).
210
Original:
  No... just a bit longer, please!
Translation:

Missing translation (translation column empty).
211
Original:
  I don't want to leave!!!!!!!!
Translation:

Missing translation (translation column empty).
212
Original:
  ...
Translation:

Missing translation (translation column empty).
213
Original:
  You're a legend alright.
Translation:

Missing translation (translation column empty).
214
Original:
  Say hi to <var>Cat</var> for me.
Translation:

Missing translation (translation column empty).
215
Original:
  I would KILL for a second burger right now. I'm so hungry...
Translation:

Missing translation (translation column empty).
216
Original:
  Speaking of, I heard the very first burger was created and eaten at this very spot!
Translation:

Missing translation (translation column empty).
217
Original:
  Wait... what happened to my burger?
Translation:

Missing translation (translation column empty).
218
Original:
  So... hungry...
Translation:

Missing translation (translation column empty).
219
Original:
  Oh my delicousness, I will never let you go again!
Translation:

Missing translation (translation column empty).
220
Original:
  But... I wouldn't a second burger... yes a second burger would be amazing.
Translation:

Missing translation (translation column empty).
221
Original:
  It seems as though this is some sort of... magical burger. It looks a little old, but it will do.
Translation:

Missing translation (translation column empty).
222
Original:
  But even a magic burger is just a burger. What I would do for a second burger, magical or not...
Translation:

Missing translation (translation column empty).
223
Original:
  Hey! Where are you taking my burger!
Translation:

Missing translation (translation column empty).
224
Original:
  Is that burger... glowing?
Translation:

Missing translation (translation column empty).
225
Original:
  Two burgers? Just for me?
Translation:

Missing translation (translation column empty).
226
Original:
  However, wherever, whenever this is possible, thank you chap.
Translation:

Missing translation (translation column empty).
227
Original:
  Take some contraband I found on the job.
Translation:

Missing translation (translation column empty).
228
Original:
  So.... full...
Translation:

Missing translation (translation column empty).
229
Original:
  Yummy hammburbgeres
Translation:

Missing translation (translation column empty).
230
Original:
  I'm getting kind of hungry again.
Translation:

Missing translation (translation column empty).
231
Original:
  Do you think they'd ever let me have a third hamburger?
Translation:

Missing translation (translation column empty).
232
Original:
  ...
Translation:

Missing translation (translation column empty).
233
Original:
  War's over kiddo. We won.
Translation:

Missing translation (translation column empty).
234
Original:
  Now go up there and show those misfits what we're made of!
Translation:

Missing translation (translation column empty).
235
Original:
  ...
Translation:

Missing translation (translation column empty).
236
Original:
  Fixed the whole world, huh? That's a whole lotta untangling.
Translation:

Missing translation (translation column empty).
237
Original:
  ...
Translation:

Missing translation (translation column empty).
238
Original:
  Thanks for everything!
Translation:

Missing translation (translation column empty).
239
Original:
  Hail there! Always nice to see visitors to our splendid fortress!
Translation:

Missing translation (translation column empty).
240
Original:
  Unfortunately, we can't welcome any tourists because our bridge is broken!
Translation:

Missing translation (translation column empty).
241
Original:
  Oh my! Our bridge is fixed!
Translation:

Missing translation (translation column empty).
242
Original:
  I thought I would be stuck here all day.
Translation:

Missing translation (translation column empty).
243
Original:
  Oh, the woes of mortal living!
Translation:

Missing translation (translation column empty).
244
Original:
  This one can can only be exploded from the bottom.
Translation:

Missing translation (translation column empty).
245
Original:
  Safety restrictions and all that.
Translation:

Missing translation (translation column empty).
246
Original:
  Nice work!
Translation:

Missing translation (translation column empty).
247
Original:
  Thanks for helping rig all these explosives, it's heavy work.
Translation:

Missing translation (translation column empty).
248
Original:
  We both know what's happening let's just speed this up.
Translation:

Missing translation (translation column empty).
249
Original:
  ...
Translation:

Missing translation (translation column empty).
250
Original:
  I'm over it.
Translation:

Missing translation (translation column empty).
251
Original:
  ...
Translation:

Missing translation (translation column empty).
252
Original:
  You're going to space? That's so *sob* cool!
Translation:

Missing translation (translation column empty).
253
Original:
  I hope that rocket can go up *and* down.
Translation:

Missing translation (translation column empty).
254
Original:
  ...
Translation:

Missing translation (translation column empty).
255
Original:
  Honey... they said you were going to space???
Translation:

Missing translation (translation column empty).
256
Original:
  Oh goodness... bring <var>Cat</var> back safely!!
Translation:

Missing translation (translation column empty).
257
Original:
  Oh! And stay safe too!
Translation:

Missing translation (translation column empty).
258
Original:
  ...
Translation:

Missing translation (translation column empty).
259
Original:
  Seems like you've had quite the time travel experience.
Translation:

Missing translation (translation column empty).
260
Original:
  You're welcome for the preperation. Heh.
Translation:

Missing translation (translation column empty).
261
Original:
  Something went wrong!
Translation:

Missing translation (translation column empty).
262
Original:
  1 barrel left! It should be behind the rocket.
Translation:

Missing translation (translation column empty).
263
Original:
  1 barrel left! It should be on a rock in the past.
Translation:

Missing translation (translation column empty).
264
Original:
  1 barrel left! It should be on a rock in the present.
Translation:

Missing translation (translation column empty).
265
Original:
  Hey there future astronaut. The rocket's almost ready! Just need some backup fuel in case that gem stuff fails.
Translation:

Missing translation (translation column empty).
266
Original:
  I think 4 barrels of oil will be enough of a reserve fuel supply.
Translation:

Missing translation (translation column empty).
267
Original:
  I still need 4 barrels of oil to dri -- use as emergency reserves.
Translation:

Missing translation (translation column empty).
268
Original:
  Great! I still need 3 oil barrels.
Translation:

Missing translation (translation column empty).
269
Original:
  Great! I still need 2 oil barrels.
Translation:

Missing translation (translation column empty).
270
Original:
  <var>MagiTechOilHint</var>
Translation:

Missing translation (translation column empty).
271
Original:
  The rocket is almost ready! We need backup fuel in case that gem stuff fails.
Translation:

Missing translation (translation column empty).
272
Original:
  I think 4 barrels of oil will be enough of a reserve fuel supply.
Translation:

Missing translation (translation column empty).
273
Original:
  Wait. You found them all already?
Translation:

Missing translation (translation column empty).
274
Original:
  Thanks a ton! Now to find some lime and simple syrup. 
  Anyways here's a Slider piece as thanks.
Translation:

Missing translation (translation column empty).
275
Original:
  Thanks a ton! I'll make sure she's ready for you to ride in.
Translation:

Missing translation (translation column empty).
276
Original:
  Go on, you've worked so hard for this!
Translation:

Missing translation (translation column empty).
277
Original:
  ...
Translation:

Missing translation (translation column empty).
278
Original:
  According to my calculations, you have saved us.
Translation:

Missing translation (translation column empty).
279
Original:
  I am expressing gratitude. Please accept it.
Translation:

Missing translation (translation column empty).
280
Original:
  You are making this awkward.
Translation:

Missing translation (translation column empty).
281
Original:
  Wait, are those my brother's sunglasses? How'd you even get them?
Translation:

Missing translation (translation column empty).
282
Original:
  How about you take mine and return his? Those were our father's favorite pair.
Translation:

Missing translation (translation column empty).
283
Original:
  I was trying to open up a portal to reach him, but I wasn't able to.
Translation:

Missing translation (translation column empty).
284
Original:
  Can you bring me to the northwest quadrent? That's where the portal was.
Translation:

Missing translation (translation column empty).
285
Original:
  Alright, here goes nothing
Translation:

Missing translation (translation column empty).
286
Original:
  Alright, here goes nothing
Translation:

Missing translation (translation column empty).
287
Original:
  Hazzah!
Translation:

Missing translation (translation column empty).
288
Original:
  Let me know if he's okay, okay?
Translation:

Missing translation (translation column empty).
289
Original:
  Thank goodness he's safe. Keep the sunglasses and take this gem I found as a reward.
Translation:

Missing translation (translation column empty).
290
Original:
  Now how do I close a portal?
Translation:

Missing translation (translation column empty).
291
Original:
  Beep Boop!
Translation:

Missing translation (translation column empty).
292
Original:
  Oh hey! Good to see you again.
Translation:

Missing translation (translation column empty).
293
Original:
  Now, what were the dimensions of the crystal machine..?
Translation:

Missing translation (translation column empty).
294
Original:
  Welcome to TechVault! Our pattented design is ultra-secure and future proof!
Translation:

Missing translation (translation column empty).
295
Original:
  We travel back in time to build your vault, then break the access lever! Hah! Try getting inside now.
Translation:

Missing translation (translation column empty).
296
Original:
  Hmm... looks like we have some security concerns.
Translation:

Missing translation (translation column empty).
297
Original:
  todo write lore here
Translation:

Missing translation (translation column empty).
298
Original:
  Woah... I hope I can be wizard.
Translation:

Missing translation (translation column empty).
299
Original:
  Woah... with robots?!
Translation:

Missing translation (translation column empty).
300
Original:
  What's a robot?
Translation:

Missing translation (translation column empty).
301
Original:
  Sometimes I wonder if we deserve magic.
Translation:

Missing translation (translation column empty).
302
Original:
  Our village was the first to acquire it even though it didn't originate from here.
Translation:

Missing translation (translation column empty).
303
Original:
  Of course, Fezziwig! We know how hard you've worked in this time.
Translation:

Missing translation (translation column empty).
304
Original:
  One can't even imagine what you've done in the future already!
Translation:

Missing translation (translation column empty).
305
Original:
  Did you hear? Mommy said there was a wizard duel!
Translation:

Missing translation (translation column empty).
306
Original:
  It was a tie though.
Translation:

Missing translation (translation column empty).
307
Original:
  Kaboom!!!
Translation:

Missing translation (translation column empty).
308
Original:
  My husband's a wizard! I'm so proud of him, though it doesn't always pay the bills...
Translation:

Missing translation (translation column empty).
309
Original:
  Oh my...
Translation:

Missing translation (translation column empty).
310
Original:
  I went to the burger unveiling, but some ruffian stole it! That dastardly criminal should pay for his crimes.
Translation:

Missing translation (translation column empty).
311
Original:
  If that's how it is, then I accept.
Translation:

Missing translation (translation column empty).
312
Original:
  I'll have to pay my respects and pack up while I can.
Translation:

Missing translation (translation column empty).
313
Original:
  What makes the world spin..? Money!
Translation:

Missing translation (translation column empty).
314
Original:
  You want my magic gem? One of my most prized possessions... You have it for a price...
Translation:

Missing translation (translation column empty).
315
Original:
  Of <wavy>$1,000,000!</wavy> Good luck coming up with that money, chump!
Translation:

Missing translation (translation column empty).
316
Original:
  Some wizards say you shall not pass. But money is money.
Translation:

Missing translation (translation column empty).
317
Original:
  What? NOOoo...
Translation:

Missing translation (translation column empty).
318
Original:
  I'll never go! I have too many valuables!
Translation:

Missing translation (translation column empty).
319
Original:
  The time has come to ponder.
Translation:

Missing translation (translation column empty).
320
Original:
  If you wish true power, you must forgo what is most valuable.
Translation:

Missing translation (translation column empty).
321
Original:
  Then, you may attain what you need.
Translation:

Missing translation (translation column empty).
322
Original:
  <wavy>Welcome to the Reflection Pool.</wavy>
Translation:

Missing translation (translation column empty).
323
Original:
  <wavy>Before you proceed, you must fix this world one last time.</wavy>
Translation:

Missing translation (translation column empty).
324
Original:
  <wavy>Welcome to the Reflection Pool.</wavy>
Translation:

Missing translation (translation column empty).
325
Original:
  <wavy>You desire... <var>Cat</var>.</wavy>
Translation:

Missing translation (translation column empty).
326
Original:
  <wavy>Though I do not have what you seek, I have the path forward.</wavy>
Translation:

Missing translation (translation column empty).
327
Original:
  <wavy>If you wish for <var>Cat</var>, then leave the Artifact here.</wavy>
Translation:

Missing translation (translation column empty).
328
Original:
  <wavy>You have done this world a great service.</wavy>
Translation:

Missing translation (translation column empty).
329
Original:
  <wavy>Goodbye, adventurer. May we one day meet again.</wavy>
Translation:

Missing translation (translation column empty).
330
Original:
  Woah, you have them all!
Translation:

Missing translation (translation column empty).
331
Original:
  You should only be missing one but I'm not sure where -- something went wrong tell the devs!
Translation:

Missing translation (translation column empty).
332
Original:
  You're missing: <allAreas/>.
Translation:

Missing translation (translation column empty).
333
Original:
  You're only missing the one from <area/>!
Translation:

Missing translation (translation column empty).
334
Original:
  You're missing... all of them!
Translation:

Missing translation (translation column empty).
335
Original:
  Welcome to my bakery! Oh? You've met my brother?
Translation:

Missing translation (translation column empty).
336
Original:
  Then you must know about our quest for the <wavy>Legendary Cheese Burger!</wavy>
Translation:

Missing translation (translation column empty).
337
Original:
  How many pieces of Breadge do you have?
Translation:

Missing translation (translation column empty).
338
Original:
  How many pieces of Breadge do you have?
Translation:

Missing translation (translation column empty).
339
Original:
  You're missing... all of them!
Translation:

Missing translation (translation column empty).
340
Original:
  How many pieces of Breadge do you have?
Translation:

Missing translation (translation column empty).
341
Original:
  Woah, you have <var>MagiTechBreadgeAmount</var>!
Translation:

Missing translation (translation column empty).
342
Original:
  <var>MagiTechBreadgeHint</var>
Translation:

Missing translation (translation column empty).
343
Original:
  How many pieces of Breadge do you have?
Translation:

Missing translation (translation column empty).
344
Original:
  Woah... you have... all 9 of them!!
Translation:

Missing translation (translation column empty).
345
Original:
  Give them here, I'll combine them together!
Translation:

Missing translation (translation column empty).
346
Original:
  It's so... decadent...
Translation:

Missing translation (translation column empty).
347
Original:
  Breadge sandwiched in breadge sandwiched in breadge...
Translation:

Missing translation (translation column empty).
348
Original:
  I can die in peace now. Thank you, explorer.
Translation:

Missing translation (translation column empty).
349
Original:
  ...
Translation:

Missing translation (translation column empty).
350
Original:
  You're the best intern we ever had, and we didn't even pay you!
Translation:

Missing translation (translation column empty).
351
Original:
  I'll make sure our future interns are unpaid so we'll really get our money's worth!
Translation:

Missing translation (translation column empty).
352
Original:
  I hope you find <var>Cat</var> safely!
Translation:

Missing translation (translation column empty).
353
Original:
  There's always something to fix...
Translation:

Missing translation (translation column empty).
354
Original:
  ...
Translation:

Missing translation (translation column empty).
355
Original:
  say hi to the homies for me.
Translation:

Missing translation (translation column empty).
356
Original:
  Hmmm... the gems should be somewhere in this area. Can you get me: <remainingGems/>?
Translation:

Missing translation (translation column empty).
357
Original:
  Uh oh, something went wrong! Make sure to get all the gems and let a dev know.
Translation:

Missing translation (translation column empty).
358
Original:
  I heard the Village Gem was spotted near the laser.
Translation:

Missing translation (translation column empty).
359
Original:
  The Cave Gem was a part of some Desync experiments in the past.
Translation:

Missing translation (translation column empty).
360
Original:
  The Ocean gem..? Uh... something is wrong.
Translation:

Missing translation (translation column empty).
361
Original:
  The Jungle gem was owned by the same wizard who made this recipe!
Translation:

Missing translation (translation column empty).
362
Original:
  I heard the Desert gem was lost in the ancient temple in the Impact Zone.
Translation:

Missing translation (translation column empty).
363
Original:
  The Factory gem should be in the museum.
Translation:

Missing translation (translation column empty).
364
Original:
  The Mountain gem should be in the museum.
Translation:

Missing translation (translation column empty).
365
Original:
  The Military gem was spotted behind one of the rocks in the past, towards the west.
Translation:

Missing translation (translation column empty).
366
Original:
  The MagiTech gem... is on the tile I haven't given you! Something went wrong!
Translation:

Missing translation (translation column empty).
367
Original:
  H- Hello? Who are you?
Translation:

Missing translation (translation column empty).
368
Original:
  Don't mind me, I'm not from around here either.
Translation:

Missing translation (translation column empty).
369
Original:
  Hold on, I'm almost done setting everything up for this experiment!
Translation:

Missing translation (translation column empty).
370
Original:
  Come back in a bit, you can take part too.
Translation:

Missing translation (translation column empty).
371
Original:
  We've finally finished unpacking our research equipment.
Translation:

Missing translation (translation column empty).
372
Original:
  I'm investigating entangled items!
Translation:

Missing translation (translation column empty).
373
Original:
  Whatttt, you wanted that gem? But it's already a part of the experiment!
Translation:

Missing translation (translation column empty).
374
Original:
  We managed to entangle a conductive bob somewhere, it should help in finishing this.
Translation:

Missing translation (translation column empty).
375
Original:
  Aha, this appears to be the conductive bob from the present.
Translation:

Missing translation (translation column empty).
376
Original:
  Aha, this appears to be the conductive bob from the past.
Translation:

Missing translation (translation column empty).
377
Original:
  How fascinating! Moving the past item affects its future self.
Translation:

Missing translation (translation column empty).
378
Original:
  I will continue these experiments. We must understand it all.
Translation:

Missing translation (translation column empty).
379
Original:
  What?! Pack it up?? But the experiments just started!
Translation:

Missing translation (translation column empty).
380
Original:
  Dump truck delivered.
Translation:

Missing translation (translation column empty).
381
Original:
  Where should I put my dump truck now?
Translation:

Missing translation (translation column empty).
382
Original:
  Oh jeez! My fire's dying but I don't have any wood.
Translation:

Missing translation (translation column empty).
383
Original:
  Yes!! Time to boil some noodles!
Translation:

Missing translation (translation column empty).
384
Original:
  Mmmm, those noodles were de-lec-ta-ble!
Translation:

Missing translation (translation column empty).
385
Original:
  Studies suggest there are all kinds of relics still down there!
Translation:

Missing translation (translation column empty).
386
Original:
  I hope there are dinosaurs too.
Translation:

Missing translation (translation column empty).
387
Original:
  Good heavens, what are you doing?
Translation:

Missing translation (translation column empty).
388
Original:
  Some good weather for once at the MRI. How about a picnic for lunch Wags?
Translation:

Missing translation (translation column empty).
389
Original:
  Perfect weather for your launch!
Translation:

Missing translation (translation column empty).
390
Original:
  Believe it or not, magic is real! Alchemy too!
Translation:

Missing translation (translation column empty).
391
Original:
  I heard you got permission to ride the rocket. Problem is, it has no fuel.
Translation:

Missing translation (translation column empty).
392
Original:
  But! This here Gem-Fuel machine can convert magic gems into fuel for a rocket.
Translation:

Missing translation (translation column empty).
393
Original:
  Here, go ahead and try putting that blue gem over there into the fuel converter.
Translation:

Missing translation (translation column empty).
394
Original:
  Once you find the other 8 gems, we can distill their essence into powerful, magical fuel!
Translation:

Missing translation (translation column empty).
395
Original:
  Take this <wavy>Gem Transporter</wavy>. It'll automatically teleport any gems you find to the alchemy machine.
Translation:

Missing translation (translation column empty).
396
Original:
  Here, let me take out that Ocean gem for you so you can try it out.
Translation:

Missing translation (translation column empty).
397
Original:
  Good luck out there. Only <var>magiTechNumRemainingGems</var> gems left.
Translation:

Missing translation (translation column empty).
398
Original:
  That Gem-Fuel Recipe! Where did you get it!?
Translation:

Missing translation (translation column empty).
399
Original:
  Hmm... it looks like we're a few gems short.
Translation:

Missing translation (translation column empty).
400
Original:
  <var>MagitechGemFuelHint</var>
Translation:

Missing translation (translation column empty).
401
Original:
  Aha, the Gem-Fuel Recipe! It's nearly complete!
Translation:

Missing translation (translation column empty).
402
Original:
  Once we get the final gem, we mix them and super-power the rocket.
Translation:

Missing translation (translation column empty).
403
Original:
  We just need the last gem! It should be in the past.
Translation:

Missing translation (translation column empty).
404
Original:
  All of the gems are here! Let's get the Gem Fuel pumping!
Translation:

Missing translation (translation column empty).
405
Original:
  Say Barry, it's a fine day at the Magic Research Institute isn't it?
Translation:

Missing translation (translation column empty).
406
Original:
  Research wouldn't be so advanced without you.
Translation:

Missing translation (translation column empty).
407
Original:
  Har har har these explosives are so *powerful*
Translation:

Missing translation (translation column empty).
408
Original:
  Haha get it, they're such a *blast*
Translation:

Missing translation (translation column empty).
409
Original:
  Woah.
Translation:

Missing translation (translation column empty).
410
Original:
  That one really *knocked my socks off*
Translation:

Missing translation (translation column empty).
411
Original:
  You're back! It's always a *blast* to have you around.
Translation:

Missing translation (translation column empty).
412
Original:
  THE WIZARDING ERA IS REEEAAAAAALLLLLLLL
Translation:

Missing translation (translation column empty).
413
Original:
  w-w-w-whe-sdfwefl-wheRE DO I EVEN START
Translation:

Missing translation (translation column empty).
414
Original:
  i- i need to write this all down!
Translation:

Missing translation (translation column empty).
415
Original:
  i- i need to write this all down!
Translation:

Missing translation (translation column empty).
416
Original:
  wait.. chad??
Translation:

Missing translation (translation column empty).
417
Original:
  chad, whats wrong??
Translation:

Missing translation (translation column empty).
418
Original:
  chad...
Translation:

Missing translation (translation column empty).
419
Original:
  chad... im sorry... i should have noticed sooner.
Translation:

Missing translation (translation column empty).
420
Original:
  but you shouldnt feel bad! youve done so much to help me!
Translation:

Missing translation (translation column empty).
421
Original:
  you helped us journey to this continent, and you even found relics in the village and jungle!
Translation:

Missing translation (translation column empty).
422
Original:
  stop comparing yourself to others. think about what <wavy>you</wavy> can do!
Translation:

Missing translation (translation column empty).
423
Original:
  youll get through it chad. i know you will!!
Translation:

Missing translation (translation column empty).
424
Original:
  oMG this cant be real
Translation:

Missing translation (translation column empty).
425
Original:
  if i do recall, this is the legendary battle between Ignis and Galvic!!
Translation:

Missing translation (translation column empty).
426
Original:
  ive gotta sketch this quick!
Translation:

Missing translation (translation column empty).
427
Original:
  this castle...
Translation:

Missing translation (translation column empty).
428
Original:
  there are no remnants of it today! where did it go??
Translation:

Missing translation (translation column empty).
429
Original:
  hmm...? what could this be?
Translation:

Missing translation (translation column empty).
430
Original:
  something unknown? how exciting!!
Translation:

Missing translation (translation column empty).
431
Original:
  woah... what is this..?
Translation:

Missing translation (translation column empty).
432
Original:
  some sort of... pool of energy?
Translation:

Missing translation (translation column empty).
433
Original:
  i recognize this.
Translation:

Missing translation (translation column empty).
434
Original:
  this is the same pedestal as in the desert temple!
Translation:

Missing translation (translation column empty).
435
Original:
  it looks like a slot for your artifact.
Translation:

Missing translation (translation column empty).
436
Original:
  woaH
Translation:

Missing translation (translation column empty).
437
Original:
  thats the final gem, you got all 9!!
Translation:

Missing translation (translation column empty).
438
Original:
  it looks like it wants you to leave the artifact here... whoever "it" is...
Translation:

Missing translation (translation column empty).
439
Original:
  well!
Translation:

Missing translation (translation column empty).
440
Original:
  explorer! im so glad we got to go on this journey together!
Translation:

Missing translation (translation column empty).
441
Original:
  theres been so many new revelations... new relics... a whole new society!!!!
Translation:

Missing translation (translation column empty).
442
Original:
  i better get an award for all the writing im about to do
Translation:

Missing translation (translation column empty).
443
Original:
  oh!! and thanks for helping cheer chad up, it's been a whole journey for him too
Translation:

Missing translation (translation column empty).
444
Original:
  :3
Translation:

Missing translation (translation column empty).
445
Original:
  ...
Translation:

Missing translation (translation column empty).
446
Original:
  Space is waayyyy too far from the ground. No thanks.
Translation:

Missing translation (translation column empty).
447
Original:
  ...
Translation:

Missing translation (translation column empty).
448
Original:
  I wonder if they'd let me "borrow" some of those gems...
Translation:

=====================
END E:\_src\Localizations\简体中文\MagiTech_scene.csv
=====================
=====================
BEGIN E:\_src\Localizations\简体中文\MainMenu_scene.csv
=====================
Missing translation (translation column autofilled).
67
Original:
  1280 x 720
Translation:
  1280 x 720
Missing translation (translation column autofilled).
68
Original:
  1280 x 800
Translation:
  1280 x 800
Missing translation (translation column autofilled).
69
Original:
  1366 x 768
Translation:
  1366 x 768
Missing translation (translation column autofilled).
70
Original:
  1920 x 1080
Translation:
  1920 x 1080
Missing translation (translation column autofilled).
71
Original:
  2560 x 1440
Translation:
  2560 x 1440
=====================
END E:\_src\Localizations\简体中文\MainMenu_scene.csv
=====================
=====================
BEGIN E:\_src\Localizations\简体中文\MilitaryAlien Variant_prefab.csv
=====================
=====================
END E:\_src\Localizations\简体中文\MilitaryAlien Variant_prefab.csv
=====================
=====================
BEGIN E:\_src\Localizations\简体中文\MilitaryAlly_prefab.csv
=====================
=====================
END E:\_src\Localizations\简体中文\MilitaryAlly_prefab.csv
=====================
=====================
BEGIN E:\_src\Localizations\简体中文\Military_scene.csv
=====================
Missing translation (translation column autofilled).
142
Original:
  <var>MilitaryCommanderHint</var>
Translation:
  <var>MilitaryCommanderHint</var>
=====================
END E:\_src\Localizations\简体中文\Military_scene.csv
=====================
=====================
BEGIN E:\_src\Localizations\简体中文\Mountain_scene.csv
=====================
Missing translation (translation column autofilled).
0
Original:
  S-s-s-s-so... c-cold...
Translation:
  S-s-s-s-so... c-cold...
Missing translation (translation column autofilled).
1
Original:
  S-s-so... w-warm...
Translation:
  S-s-so... w-warm...
Missing translation (translation column autofilled).
2
Original:
  Th-thanks for thawing me out.
Translation:
  Th-thanks for thawing me out.
Missing translation (translation column autofilled).
3
Original:
  I wish I had a bu-bu-bucket of lava to keep me warm.
Translation:
  I wish I had a bu-bu-bucket of lava to keep me warm.
Missing translation (translation column autofilled).
4
Original:
  Fingers... g-g-getting co-cold already.
Translation:
  Fingers... g-g-getting co-cold already.
Missing translation (translation column autofilled).
5
Original:
  Can you h-h-help me find a b-b-bucket?
Translation:
  Can you h-h-help me find a b-b-bucket?
Missing translation (translation column autofilled).
6
Original:
  You need a k-k-key? I've got one r-r-right here.
Translation:
  You need a k-k-key? I've got one r-r-right here.
Missing translation (translation column autofilled).
7
Original:
  Ah shoot, my f-f-fingers are still f-frozen.
Translation:
  Ah shoot, my f-f-fingers are still f-frozen.
Missing translation (translation column autofilled).
8
Original:
  If you bring me a b-b-bucket and fill it with la-v-va, I can grab that k-key.
Translation:
  If you bring me a b-b-bucket and fill it with la-v-va, I can grab that k-key.
Missing translation (translation column autofilled).
9
Original:
  N-n-now we just need to <wavy>pour</wavy> in some l-l-lava.
Translation:
  N-n-now we just need to <wavy>pour</wavy> in some l-l-lava.
Missing translation (translation column autofilled).
10
Original:
  Ah that feels g-g-good... but it won't last like this. N-need to <wavy>pour</wavy> lava in the b-bucket.
Translation:
  Ah that feels g-g-good... but it won't last like this. N-need to <wavy>pour</wavy> lava in the b-bucket.
Missing translation (translation column autofilled).
11
Original:
  I can f-f-feel my hands again!
Translation:
  I can f-f-feel my hands again!
Missing translation (translation column autofilled).
12
Original:
  Take this key to the basement, I'm sure there's s-so-some-thing cool in there.
Translation:
  Take this key to the basement, I'm sure there's s-so-some-thing cool in there.
Missing translation (translation column autofilled).
13
Original:
  Now h-h-ho-how do I get down from here.
Translation:
  Now h-h-ho-how do I get down from here.
Missing translation (translation column autofilled).
14
Original:
  Ug-g-g-g-ghh it's so c-c-old here...
Translation:
  Ug-g-g-g-ghh it's so c-c-old here...
Missing translation (translation column autofilled).
15
Original:
  Is he ready-ddy yet?
Translation:
  Is he ready-ddy yet?
Missing translation (translation column autofilled).
16
Original:
  W-w-woah! It fell through!
Translation:
  W-w-woah! It fell through!
Missing translation (translation column autofilled).
17
Original:
  Looks li-like the c-cart stayed safe too.
Translation:
  Looks li-like the c-cart stayed safe too.
Missing translation (translation column autofilled).
18
Original:
  Oi, I've been breaking me back breaking these crates...
Translation:
  Oi, I've been breaking me back breaking these crates...
Missing translation (translation column autofilled).
19
Original:
  The last rock I threw broke. Ye don't have anything else to break crates do ye?
Translation:
  The last rock I threw broke. Ye don't have anything else to break crates do ye?
Missing translation (translation column autofilled).
20
Original:
  Something large and heavy should do the trick.
Translation:
  Something large and heavy should do the trick.
Missing translation (translation column autofilled).
21
Original:
  Oi that bucket looks heavy. Not heavy enough to break a crate, though.
Translation:
  Oi that bucket looks heavy. Not heavy enough to break a crate, though.
Missing translation (translation column autofilled).
22
Original:
  That was a smashingly good idea!
Translation:
  That was a smashingly good idea!
Missing translation (translation column autofilled).
23
Original:
  Oh. Door's still locked, huh. Can't smash that...
Translation:
  Oh. Door's still locked, huh. Can't smash that...
Missing translation (translation column autofilled).
24
Original:
  I reckon someone 'round here should have that key.
Translation:
  I reckon someone 'round here should have that key.
Missing translation (translation column autofilled).
25
Original:
  Ye found the key!
Translation:
  Ye found the key!
Missing translation (translation column autofilled).
26
Original:
  Still need something to break that crate though. Some kinda... large... heavy object.
Translation:
  Still need something to break that crate though. Some kinda... large... heavy object.
Missing translation (translation column autofilled).
27
Original:
  Some kinda large, heavy, metal, throwable object.
Translation:
  Some kinda large, heavy, metal, throwable object.
Missing translation (translation column autofilled).
28
Original:
  To be quite frank, I reckon some sorta anchor would do wonders.
Translation:
  To be quite frank, I reckon some sorta anchor would do wonders.
Missing translation (translation column autofilled).
29
Original:
  I used to break crates with anchors all the time back in my swashbuckling days.
Translation:
  I used to break crates with anchors all the time back in my swashbuckling days.
Missing translation (translation column autofilled).
30
Original:
  They worked wonders, waaayyyy better than all the other large, heavy, metal throwable objects we had.
Translation:
  They worked wonders, waaayyyy better than all the other large, heavy, metal throwable objects we had.
Missing translation (translation column autofilled).
31
Original:
  Alroight, now we're in buisness.
Translation:
  Alroight, now we're in buisness.
Missing translation (translation column autofilled).
32
Original:
  Oi, where are you taking that?
Translation:
  Oi, where are you taking that?
Missing translation (translation column autofilled).
33
Original:
  Work sure is hard.
Translation:
  Work sure is hard.
Missing translation (translation column autofilled).
34
Original:
  I could really go for a hot cocoa.
Translation:
  I could really go for a hot cocoa.
Missing translation (translation column autofilled).
35
Original:
  You took a shortcut through the ice with the anchor? Alroighty.
Translation:
  You took a shortcut through the ice with the anchor? Alroighty.
Missing translation (translation column autofilled).
36
Original:
  Boss spent all that time on the two-way elevator, but now...
Translation:
  Boss spent all that time on the two-way elevator, but now...
Missing translation (translation column autofilled).
37
Original:
  Our transit cycles will be faster than ever dropping through the ice!
Translation:
  Our transit cycles will be faster than ever dropping through the ice!
Missing translation (translation column autofilled).
38
Original:
  She'll be over the moon when she hears about this.
Translation:
  She'll be over the moon when she hears about this.
Missing translation (translation column autofilled).
39
Original:
  Finally! A 
  warm drink.
Translation:
  Finally! A 
  warm drink.
Missing translation (translation column autofilled).
40
Original:
  yoooo dude.
Translation:
  yoooo dude.
Missing translation (translation column autofilled).
41
Original:
  that pipe supplying the heater with lava is broken. sooo lame.
Translation:
  that pipe supplying the heater with lava is broken. sooo lame.
Missing translation (translation column autofilled).
42
Original:
  my boss had a new one but she's totally vanished bro.
Translation:
  my boss had a new one but she's totally vanished bro.
Missing translation (translation column autofilled).
43
Original:
  dont even worry about the pipe well fix it later. go find someone who works harder.
Translation:
  dont even worry about the pipe well fix it later. go find someone who works harder.
Missing translation (translation column autofilled).
44
Original:
  you did it my dude.
Translation:
  you did it my dude.
Missing translation (translation column autofilled).
45
Original:
  you should tell that crystal scientist lady about this
Translation:
  you should tell that crystal scientist lady about this
Missing translation (translation column autofilled).
46
Original:
  go enjoy making that goooooo. or whatever they do there.
Translation:
  go enjoy making that goooooo. or whatever they do there.
Missing translation (translation column autofilled).
47
Original:
  duuuuude thanks for fixing the world and stuff.
Translation:
  duuuuude thanks for fixing the world and stuff.
Missing translation (translation column autofilled).
48
Original:
  wooow you got the thing spining with no heater? niiiice.
Translation:
  wooow you got the thing spining with no heater? niiiice.
Missing translation (translation column autofilled).
49
Original:
  we reaaaaally gotta find my boss so we can fix this pipe.
Translation:
  we reaaaaally gotta find my boss so we can fix this pipe.
Missing translation (translation column autofilled).
50
Original:
  a scientist? crystals? dude what do all those words mean i just watch this pipe here.
Translation:
  a scientist? crystals? dude what do all those words mean i just watch this pipe here.
Missing translation (translation column autofilled).
51
Original:
  oh heeeey you found the boss lady. good work dude.
Translation:
  oh heeeey you found the boss lady. good work dude.
Missing translation (translation column autofilled).
52
Original:
  she give us the pipe? brooo you gotta be a better negotiator.
Translation:
  she give us the pipe? brooo you gotta be a better negotiator.
Missing translation (translation column autofilled).
53
Original:
  you gotta get that pipe my guy or the heater will be broken foreeeeever
Translation:
  you gotta get that pipe my guy or the heater will be broken foreeeeever
Missing translation (translation column autofilled).
54
Original:
  yooooo you found the pipe.
Translation:
  yooooo you found the pipe.
Missing translation (translation column autofilled).
55
Original:
  put it in bro.
Translation:
  put it in bro.
Missing translation (translation column autofilled).
56
Original:
  niceeee now we need two cartfuls of lava in the machine to fill the heater.
Translation:
  niceeee now we need two cartfuls of lava in the machine to fill the heater.
Missing translation (translation column autofilled).
57
Original:
  that giant ice patch shortcut should help its rad
Translation:
  that giant ice patch shortcut should help its rad
Missing translation (translation column autofilled).
58
Original:
  luckily the lava isnt unstable like crystals you can move tiles or whatever
Translation:
  luckily the lava isnt unstable like crystals you can move tiles or whatever
Missing translation (translation column autofilled).
59
Original:
  oh also the cart cant stop moving otherwise the tank will be emptied.
Translation:
  oh also the cart cant stop moving otherwise the tank will be emptied.
Missing translation (translation column autofilled).
60
Original:
  dont ask why, thats just how it works my guy.
Translation:
  dont ask why, thats just how it works my guy.
Missing translation (translation column autofilled).
61
Original:
  duuuuude you let the cart stop.
Translation:
  duuuuude you let the cart stop.
Missing translation (translation column autofilled).
62
Original:
  and like the lava is totally gone
Translation:
  and like the lava is totally gone
Missing translation (translation column autofilled).
63
Original:
  you gotta get 2 carts of lava without stopping
Translation:
  you gotta get 2 carts of lava without stopping
Missing translation (translation column autofilled).
64
Original:
  one more bucket. dont let that cart stop.
Translation:
  one more bucket. dont let that cart stop.
Missing translation (translation column autofilled).
65
Original:
  woah you got two buckets. now we just gotta let it fill.
Translation:
  woah you got two buckets. now we just gotta let it fill.
Missing translation (translation column autofilled).
66
Original:
  Whew! My waterwheel is central to the Crystal Mines! But she's seen better days...
Translation:
  Whew! My waterwheel is central to the Crystal Mines! But she's seen better days...
Missing translation (translation column autofilled).
67
Original:
  Some MRI researcher's coming and she said she needed LOTS of power, so we gotta get fixing.
Translation:
  Some MRI researcher's coming and she said she needed LOTS of power, so we gotta get fixing.
Missing translation (translation column autofilled).
68
Original:
  The waterwheel needs flowing water and unfrozen gears. We'll deal with that heater later.
Translation:
  The waterwheel needs flowing water and unfrozen gears. We'll deal with that heater later.
Missing translation (translation column autofilled).
69
Original:
  First things first...
Translation:
  First things first...
Missing translation (translation column autofilled).
71
Original:
  Golly, if we fill that heater with lava, these gears could turn forever.
Translation:
  Golly, if we fill that heater with lava, these gears could turn forever.
Missing translation (translation column autofilled).
72
Original:
  Bada-Bing! Nice and warm!
Translation:
  Bada-Bing! Nice and warm!
Missing translation (translation column autofilled).
73
Original:
  The waterwheel won't work without any <wavy>flowing</wavy> water!
Translation:
  The waterwheel won't work without any <wavy>flowing</wavy> water!
Missing translation (translation column autofilled).
74
Original:
  Gah! It looks like some of the gears of the power generation mechanism have frozen over.
Translation:
  Gah! It looks like some of the gears of the power generation mechanism have frozen over.
Missing translation (translation column autofilled).
75
Original:
  Think you can unfreeze them?
Translation:
  Think you can unfreeze them?
Missing translation (translation column autofilled).
76
Original:
  This waterwheel is central to these mines. We need to unfreeze these gears.
Translation:
  This waterwheel is central to these mines. We need to unfreeze these gears.
Missing translation (translation column autofilled).
77
Original:
  Eep! The gears are unfrozen, but we still need <wavy>flowing</wavy> water!
Translation:
  Eep! The gears are unfrozen, but we still need <wavy>flowing</wavy> water!
Missing translation (translation column autofilled).
78
Original:
  Florp! We need to fix the waterwheel, not steal power from the generator.
Translation:
  Florp! We need to fix the waterwheel, not steal power from the generator.
Missing translation (translation column autofilled).
79
Original:
  That generator is for emergencies only!
Translation:
  That generator is for emergencies only!
Missing translation (translation column autofilled).
80
Original:
  Egads! You got the wheel turning again!
Translation:
  Egads! You got the wheel turning again!
Missing translation (translation column autofilled).
81
Original:
  I hope it's enough power for that researcher.
Translation:
  I hope it's enough power for that researcher.
Missing translation (translation column autofilled).
82
Original:
  Zoinks! We should really look into a more permanent heating solution, eh?
Translation:
  Zoinks! We should really look into a more permanent heating solution, eh?
Missing translation (translation column autofilled).
83
Original:
  Some researcher from MRI is here to study the crystals we've been digging up.
Translation:
  Some researcher from MRI is here to study the crystals we've been digging up.
Missing translation (translation column autofilled).
84
Original:
  They're trying to tap into their power to make a new generation of rocket fuel. Isn't that awesome?!
Translation:
  They're trying to tap into their power to make a new generation of rocket fuel. Isn't that awesome?!
Missing translation (translation column autofilled).
85
Original:
  Dagnabit! The scientist is here already? I thought she was coming later.
Translation:
  Dagnabit! The scientist is here already? I thought she was coming later.
Missing translation (translation column autofilled).
86
Original:
  We can't get a sustainable power output until the heater is fixed.
Translation:
  We can't get a sustainable power output until the heater is fixed.
Missing translation (translation column autofilled).
87
Original:
  If you wanna power that extractor, you're gonna need to get creative.
Translation:
  If you wanna power that extractor, you're gonna need to get creative.
Missing translation (translation column autofilled).
88
Original:
  Gadzooks! That gem extractor looks just as broken as our heater pipe!
Translation:
  Gadzooks! That gem extractor looks just as broken as our heater pipe!
Missing translation (translation column autofilled).
89
Original:
  Things were never like this with the boss around...
Translation:
  Things were never like this with the boss around...
Missing translation (translation column autofilled).
90
Original:
  Still no sign of her, eh? Let me know if that changes.
Translation:
  Still no sign of her, eh? Let me know if that changes.
Missing translation (translation column autofilled).
91
Original:
  Boo-yah! You found my boss!
Translation:
  Boo-yah! You found my boss!
Missing translation (translation column autofilled).
92
Original:
  She should be able to help us fix that pipe.
Translation:
  She should be able to help us fix that pipe.
Missing translation (translation column autofilled).
93
Original:
  Hi not to be weird or anything, but I just had to see how you've been using that <#2e44f0>anchor</color>!
Translation:
  Hi not to be weird or anything, but I just had to see how you've been using that <#2e44f0>anchor</color>!
Missing translation (translation column autofilled).
94
Original:
  This ice patch is a shortcut to the bottom! Provided you've got somewhere to go.
Translation:
  This ice patch is a shortcut to the bottom! Provided you've got somewhere to go.
Missing translation (translation column autofilled).
95
Original:
  No more waiting for the elevator to go down!
Translation:
  No more waiting for the elevator to go down!
Missing translation (translation column autofilled).
96
Original:
  If you find a minecart, I'll show you how it works.
Translation:
  If you find a minecart, I'll show you how it works.
Missing translation (translation column autofilled).
97
Original:
  I helped some dude off a rock, and he said he'd help me out if i left him alone!
Translation:
  I helped some dude off a rock, and he said he'd help me out if i left him alone!
Missing translation (translation column autofilled).
98
Original:
  Looks like the rails near him line up perfectly with the ones on the ice here.
Translation:
  Looks like the rails near him line up perfectly with the ones on the ice here.
Missing translation (translation column autofilled).
99
Original:
  If you put that tile with the trees on it beneath this one, I'll show you how the shortcut works.
Translation:
  If you put that tile with the trees on it beneath this one, I'll show you how the shortcut works.
Missing translation (translation column autofilled).
100
Original:
  Okay we're ready to go!
Translation:
  Okay we're ready to go!
Missing translation (translation column autofilled).
101
Original:
  Drop the minecart on the track there, and use the <#2e44f0>anchor</color> to break the ice!
Translation:
  Drop the minecart on the track there, and use the <#2e44f0>anchor</color> to break the ice!
Missing translation (translation column autofilled).
102
Original:
  Wow, you did it!
Translation:
  Wow, you did it!
Missing translation (translation column autofilled).
103
Original:
  Just another reason that the <#2e44f0>anchor</color> is the best.
Translation:
  Just another reason that the <#2e44f0>anchor</color> is the best.
Missing translation (translation column autofilled).
104
Original:
  If you ever find who made that elevator, let them know about this. They'll be thrilled!
Translation:
  If you ever find who made that elevator, let them know about this. They'll be thrilled!
Missing translation (translation column autofilled).
106
Original:
  This shortcut is just the coolest, huh?
Translation:
  This shortcut is just the coolest, huh?
Missing translation (translation column autofilled).
107
Original:
  Don't forget to use the <#2e44f0>anchor</color>! It's super useful!
Translation:
  Don't forget to use the <#2e44f0>anchor</color>! It's super useful!
Missing translation (translation column autofilled).
108
Original:
  The ice is gone forever! It's like a permanent anchor!
Translation:
  The ice is gone forever! It's like a permanent anchor!
Missing translation (translation column autofilled).
109
Original:
  Hey! Do you work here? I'm Sara, here to investigate the buzz about these crystals!
Translation:
  Hey! Do you work here? I'm Sara, here to investigate the buzz about these crystals!
Missing translation (translation column autofilled).
110
Original:
  I've been trying to use these crystal extractors and processors but...
Translation:
  I've been trying to use these crystal extractors and processors but...
Missing translation (translation column autofilled).
111
Original:
  There's no power!
Translation:
  There's no power!
Missing translation (translation column autofilled).
112
Original:
  And no crystals!!
Translation:
  And no crystals!!
Missing translation (translation column autofilled).
113
Original:
  We need a minecart for the crystals. I think one was trapped behind that big rock.
Translation:
  We need a minecart for the crystals. I think one was trapped behind that big rock.
Missing translation (translation column autofilled).
114
Original:
  Did you find a replacement tank yet?
Translation:
  Did you find a replacement tank yet?
Missing translation (translation column autofilled).
115
Original:
  I've got some more of those... what do you call them?
Translation:
  I've got some more of those... what do you call them?
Missing translation (translation column autofilled).
117
Original:
  We've got the power!
Translation:
  We've got the power!
Missing translation (translation column autofilled).
118
Original:
  But we still need to replace that extraction tank.
Translation:
  But we still need to replace that extraction tank.
Missing translation (translation column autofilled).
119
Original:
  According to my records, some Burt fella made the original one.
Translation:
  According to my records, some Burt fella made the original one.
Missing translation (translation column autofilled).
120
Original:
  One last thing I read - these crystals can be dropped a long ways down and be okay!
Translation:
  One last thing I read - these crystals can be dropped a long ways down and be okay!
Missing translation (translation column autofilled).
121
Original:
  I guess that's why they built this shortcut.
Translation:
  I guess that's why they built this shortcut.
Missing translation (translation column autofilled).
122
Original:
  Heh, good work.
Translation:
  Heh, good work.
Missing translation (translation column autofilled).
123
Original:
  As nervous as I am, we still need to power the extractor to make that goo.
Translation:
  As nervous as I am, we still need to power the extractor to make that goo.
Missing translation (translation column autofilled).
124
Original:
  Is the waterwheel done yet?? We told them we would need it.
Translation:
  Is the waterwheel done yet?? We told them we would need it.
Missing translation (translation column autofilled).
125
Original:
  We've got power! Now let's hope this thing stays stable.
Translation:
  We've got power! Now let's hope this thing stays stable.
Missing translation (translation column autofilled).
126
Original:
  Let's make some goo!
Translation:
  Let's make some goo!
Missing translation (translation column autofilled).
127
Original:
  I'll need 2 crystals to create the specimen. <wavy>And power</wavy>!!
Translation:
  I'll need 2 crystals to create the specimen. <wavy>And power</wavy>!!
Missing translation (translation column autofilled).
128
Original:
  Be careful, though. Moving the machine will also dissolve the crystals.
Translation:
  Be careful, though. Moving the machine will also dissolve the crystals.
Missing translation (translation column autofilled).
129
Original:
  And leaving them alone for too long will cause destablization.
Translation:
  And leaving them alone for too long will cause destablization.
Missing translation (translation column autofilled).
130
Original:
  We have just enough time to get 2 if the minecart is constantly moving when delivering.
Translation:
  We have just enough time to get 2 if the minecart is constantly moving when delivering.
Missing translation (translation column autofilled).
131
Original:
  So remember... 2 crystals, no shaking the machine, and keep that minecart moving!
Translation:
  So remember... 2 crystals, no shaking the machine, and keep that minecart moving!
Missing translation (translation column autofilled).
132
Original:
  The crystals, they shattered!
Translation:
  The crystals, they shattered!
Missing translation (translation column autofilled).
133
Original:
  Make sure not to move the extractor with a crystal inside. These things are unstable!
Translation:
  Make sure not to move the extractor with a crystal inside. These things are unstable!
Missing translation (translation column autofilled).
134
Original:
  Let's try that again. Bring me 2 crystals. No movement, no minecart stops.
Translation:
  Let's try that again. Bring me 2 crystals. No movement, no minecart stops.
Missing translation (translation column autofilled).
135
Original:
  The crystals, they shattered!
Translation:
  The crystals, they shattered!
Missing translation (translation column autofilled).
136
Original:
  These things degrade quickly, it seems. I'll note that.
Translation:
  These things degrade quickly, it seems. I'll note that.
Missing translation (translation column autofilled).
137
Original:
  Make sure to get 2 crystals without the minecart stopping!
Translation:
  Make sure to get 2 crystals without the minecart stopping!
Missing translation (translation column autofilled).
138
Original:
  One crystal down, one more to go!
Translation:
  One crystal down, one more to go!
Missing translation (translation column autofilled).
139
Original:
  It works! It actually works!
Translation:
  It works! It actually works!
Missing translation (translation column autofilled).
140
Original:
  Oh look at all this wonderful, gemmy goo.
Translation:
  Oh look at all this wonderful, gemmy goo.
Missing translation (translation column autofilled).
141
Original:
  You've been a wonderful research partner.
Translation:
  You've been a wonderful research partner.
Missing translation (translation column autofilled).
142
Original:
  You found a minecart!
Translation:
  You found a minecart!
Missing translation (translation column autofilled).
143
Original:
  Maybe that guy will stop yapping my ear off about the ice patch now.
Translation:
  Maybe that guy will stop yapping my ear off about the ice patch now.
Missing translation (translation column autofilled).
144
Original:
  Anyways, we need to power the extractor so we can suck up the crystals.
Translation:
  Anyways, we need to power the extractor so we can suck up the crystals.
Missing translation (translation column autofilled).
145
Original:
  Wait until the folks back at the MRI hear about this tech. The rocket program is saved!
Translation:
  Wait until the folks back at the MRI hear about this tech. The rocket program is saved!
Missing translation (translation column autofilled).
146
Original:
  We can't process the crystals without power!
Translation:
  We can't process the crystals without power!
Missing translation (translation column autofilled).
147
Original:
  There must be a power source around here somewhere.
Translation:
  There must be a power source around here somewhere.
Missing translation (translation column autofilled).
148
Original:
  You hotwired the generator? You're a helluva engineer!
Translation:
  You hotwired the generator? You're a helluva engineer!
Missing translation (translation column autofilled).
149
Original:
  Now lets get this extractor loaded up with some crystals. Use the minecart!
Translation:
  Now lets get this extractor loaded up with some crystals. Use the minecart!
Missing translation (translation column autofilled).
150
Original:
  The crystals, they shattered!
Translation:
  The crystals, they shattered!
Missing translation (translation column autofilled).
151
Original:
  Make sure not to move the extractor with a crystal inside. These things are unstable!
Translation:
  Make sure not to move the extractor with a crystal inside. These things are unstable!
Missing translation (translation column autofilled).
152
Original:
  Let's try that again. Bring me another crystal.
Translation:
  Let's try that again. Bring me another crystal.
Missing translation (translation column autofilled).
153
Original:
  We got the crystals! Now let's get the processor powered.
Translation:
  We got the crystals! Now let's get the processor powered.
Missing translation (translation column autofilled).
154
Original:
  Be careful not to move the machine, or the crystals will disolve!
Translation:
  Be careful not to move the machine, or the crystals will disolve!
Missing translation (translation column autofilled).
155
Original:
  Alright the processor is all ready to go! This should make some good goop.
Translation:
  Alright the processor is all ready to go! This should make some good goop.
Missing translation (translation column autofilled).
156
Original:
  Power: check. Crystal: check.
Translation:
  Power: check. Crystal: check.
Missing translation (translation column autofilled).
157
Original:
  Let's do this!
Translation:
  Let's do this!
Missing translation (translation column autofilled).
158
Original:
  Oh no ohhhh nooooo...
Translation:
  Oh no ohhhh nooooo...
Missing translation (translation column autofilled).
159
Original:
  This... this was not in the manual.
Translation:
  This... this was not in the manual.
Missing translation (translation column autofilled).
160
Original:
  Hmm... looks like we're gonna need a replacement tank. Can you get that fixed real quick?
Translation:
  Hmm... looks like we're gonna need a replacement tank. Can you get that fixed real quick?
Missing translation (translation column autofilled).
161
Original:
  You found one!
Translation:
  You found one!
Missing translation (translation column autofilled).
162
Original:
  DANGER: Thin ice. 
  No heavy objects.
Translation:
  DANGER: Thin ice. 
  No heavy objects.
Missing translation (translation column autofilled).
169
Original:
  *Sob* when will... wait a second
Translation:
  *Sob* when will... wait a second
Missing translation (translation column autofilled).
170
Original:
  You did it! You *sob* actually did it!
Translation:
  You did it! You *sob* actually did it!
Missing translation (translation column autofilled).
171
Original:
  I'm not a failure after all!
Translation:
  I'm not a failure after all!
Missing translation (translation column autofilled).
172
Original:
  Thank you for demonstrating true bravery.
Translation:
  Thank you for demonstrating true bravery.
Missing translation (translation column autofilled).
173
Original:
  Now let's keep inventing!
Translation:
  Now let's keep inventing!
Missing translation (translation column autofilled).
177
Original:
  That's so *sob* amazing!
Translation:
  That's so *sob* amazing!
Missing translation (translation column autofilled).
178
Original:
  Sorry I can't help, still a little *sob* shaken up.
Translation:
  Sorry I can't help, still a little *sob* shaken up.
Missing translation (translation column autofilled).
180
Original:
  That's *sob* amazing! Tell that scientist I say thanks.
Translation:
  That's *sob* amazing! Tell that scientist I say thanks.
Missing translation (translation column autofilled).
183
Original:
  You *sob* did it! The Crystal Mines are functional again!
Translation:
  You *sob* did it! The Crystal Mines are functional again!
Missing translation (translation column autofilled).
184
Original:
  You're from the factory right? Tell them everything is working on our end!
Translation:
  You're from the factory right? Tell them everything is working on our end!
Missing translation (translation column autofilled).
185
Original:
  My love, what a wonderful honeymoon this has been!
Translation:
  My love, what a wonderful honeymoon this has been!
Missing translation (translation column autofilled).
186
Original:
  Only the best for you, my love!
Translation:
  Only the best for you, my love!
Missing translation (translation column autofilled).
187
Original:
  Though I dare not think about our descent from these heights...
Translation:
  Though I dare not think about our descent from these heights...
Missing translation (translation column autofilled).
188
Original:
  DANGER: Explosives.
  Do not heat.
Translation:
  DANGER: Explosives.
  Do not heat.
Missing translation (translation column autofilled).
189
Original:
  Our crystal transport cart got trapped in the tunnel collapse.
Translation:
  Our crystal transport cart got trapped in the tunnel collapse.
Missing translation (translation column autofilled).
190
Original:
  But you know what they say: any problem can be fixed with explosives!
Translation:
  But you know what they say: any problem can be fixed with explosives!
Missing translation (translation column autofilled).
191
Original:
  But I don't have anything to ignite them... so nothing for now.
Translation:
  But I don't have anything to ignite them... so nothing for now.
Missing translation (translation column autofilled).
192
Original:
  If you find something hot enough to blow these up, let me know.
Translation:
  If you find something hot enough to blow these up, let me know.
Missing translation (translation column autofilled).
193
Original:
  Haven't found anything to light these explosives, have you?
Translation:
  Haven't found anything to light these explosives, have you?
Missing translation (translation column autofilled).
194
Original:
  I'm getting antsy over here.
Translation:
  I'm getting antsy over here.
Missing translation (translation column autofilled).
195
Original:
  Okay, this is probably not safe but...
Translation:
  Okay, this is probably not safe but...
Missing translation (translation column autofilled).
196
Original:
  Promise not to tell anyone?
Translation:
  Promise not to tell anyone?
Missing translation (translation column autofilled).
197
Original:
  BOOM! BOOM!! BOOM!!! BOOM!!!!
Translation:
  BOOM! BOOM!! BOOM!!! BOOM!!!!
Missing translation (translation column autofilled).
198
Original:
  I mean uh... thanks for clearing that up.
Translation:
  I mean uh... thanks for clearing that up.
Missing translation (translation column autofilled).
199
Original:
  Drop the minecart on these powered rails to give her a little boost.
Translation:
  Drop the minecart on these powered rails to give her a little boost.
Missing translation (translation column autofilled).
200
Original:
  Wow, look at her go!
Translation:
  Wow, look at her go!
Missing translation (translation column autofilled).
201
Original:
  All in a days work.
Translation:
  All in a days work.
Missing translation (translation column autofilled).
202
Original:
  Mmmm 
  sustinance.
Translation:
  Mmmm 
  sustinance.
Missing translation (translation column autofilled).
203
Original:
  DANGER: Unstable crystals. Avoid large, sudden movements.
Translation:
  DANGER: Unstable crystals. Avoid large, sudden movements.
Missing translation (translation column autofilled).
204
Original:
  Welcome to The Crystal Loop!
Translation:
  Welcome to The Crystal Loop!
Missing translation (translation column autofilled).
205
Original:
  Whaaaaaat? You don't have a minecart?
Translation:
  Whaaaaaat? You don't have a minecart?
Missing translation (translation column autofilled).
206
Original:
  I'm sorry. These things are too heavy to be moved by hand.
Translation:
  I'm sorry. These things are too heavy to be moved by hand.
Missing translation (translation column autofilled).
207
Original:
  Fill that minecart up with crystals!
Translation:
  Fill that minecart up with crystals!
Missing translation (translation column autofilled).
208
Original:
  Now you be careful with those raw crystals.
Translation:
  Now you be careful with those raw crystals.
Missing translation (translation column autofilled).
209
Original:
  They're super unstable. Any magical interference will destroy them!
Translation:
  They're super unstable. Any magical interference will destroy them!
Missing translation (translation column autofilled).
210
Original:
  You seen all this world-moving nonsense happening lately? Don't do that.
Translation:
  You seen all this world-moving nonsense happening lately? Don't do that.
Missing translation (translation column autofilled).
211
Original:
  Oh, but you can drop them down that ice patch. They seem to be fine with just gravity.
Translation:
  Oh, but you can drop them down that ice patch. They seem to be fine with just gravity.
Missing translation (translation column autofilled).
212
Original:
  Worked here a loooooong time. Seen a lot. But know what I haven't seen?
Translation:
  Worked here a loooooong time. Seen a lot. But know what I haven't seen?
Missing translation (translation column autofilled).
213
Original:
  Nobody's ever used that lever below me. What's it even for?
Translation:
  Nobody's ever used that lever below me. What's it even for?
Missing translation (translation column autofilled).
214
Original:
  Ahaaaaaaaaah that's what the lever does!
Translation:
  Ahaaaaaaaaah that's what the lever does!
Missing translation (translation column autofilled).
215
Original:
  There's always so much to learn around here.
Translation:
  There's always so much to learn around here.
Missing translation (translation column autofilled).
216
Original:
  You're a pro!
Translation:
  You're a pro!
Missing translation (translation column autofilled).
217
Original:
  Remember not to move anything if you want to keep those crystals in tact!
Translation:
  Remember not to move anything if you want to keep those crystals in tact!
Missing translation (translation column autofilled).
218
Original:
  You can drop through that ice patch, though. Seems they do just fine with gravity.
Translation:
  You can drop through that ice patch, though. Seems they do just fine with gravity.
Missing translation (translation column autofilled).
219
Original:
  Think anyone would buy these if we sold em?
Translation:
  Think anyone would buy these if we sold em?
Missing translation (translation column autofilled).
220
Original:
  I mean people spend too much on fake magic crystals.
Translation:
  I mean people spend too much on fake magic crystals.
Missing translation (translation column autofilled).
221
Original:
  Imagine what they would pay for real magic crystals!
Translation:
  Imagine what they would pay for real magic crystals!
Missing translation (translation column autofilled).
222
Original:
  I hope this crappy generator lasts until the waterwheel is finally fixed.
Translation:
  I hope this crappy generator lasts until the waterwheel is finally fixed.
Missing translation (translation column autofilled).
223
Original:
  We hooked it up to the minecart elevator real quick but its a bit... jank.
Translation:
  We hooked it up to the minecart elevator real quick but its a bit... jank.
Missing translation (translation column autofilled).
224
Original:
  Finally, they cleared out the cave in.
Translation:
  Finally, they cleared out the cave in.
Missing translation (translation column autofilled).
225
Original:
  The Crystal Extractor needs power too? Uhm... I don't know about this.
Translation:
  The Crystal Extractor needs power too? Uhm... I don't know about this.
Missing translation (translation column autofilled).
226
Original:
  W-what are you doing???
Translation:
  W-what are you doing???
Missing translation (translation column autofilled).
227
Original:
  ??? You blew up the generator!
Translation:
  ??? You blew up the generator!
Missing translation (translation column autofilled).
228
Original:
  When boss finds out, you're soooo getting fired.
Translation:
  When boss finds out, you're soooo getting fired.
Missing translation (translation column autofilled).
229
Original:
  Wait. I'm getting fired.
Translation:
  Wait. I'm getting fired.
Missing translation (translation column autofilled).
230
Original:
  Don't worry I think we can fix it haha! We just need to get another Crystal.
Translation:
  Don't worry I think we can fix it haha! We just need to get another Crystal.
Missing translation (translation column autofilled).
231
Original:
  Phew! The elevator should be fully operational again.
Translation:
  Phew! The elevator should be fully operational again.
Missing translation (translation column autofilled).
232
Original:
  Oh, and I capped off that exposed wire too, so don't get any ideas.
Translation:
  Oh, and I capped off that exposed wire too, so don't get any ideas.
Missing translation (translation column autofilled).
233
Original:
  Boss coulda done better for sure though.
Translation:
  Boss coulda done better for sure though.
Missing translation (translation column autofilled).
234
Original:
  Sending carts down? I guess you could if it'll make boss happy.
Translation:
  Sending carts down? I guess you could if it'll make boss happy.
Missing translation (translation column autofilled).
235
Original:
  Like I guess you could.
Translation:
  Like I guess you could.
Missing translation (translation column autofilled).
236
Original:
  Great work, boss would be proud.
Translation:
  Great work, boss would be proud.
Missing translation (translation column autofilled).
237
Original:
  DANGER: Beware of Hot Lava
Translation:
  DANGER: Beware of Hot Lava
Missing translation (translation column autofilled).
238
Original:
  my friend bobbyjim got stranded on the mountaintop... hope it's not too cold up there
Translation:
  my friend bobbyjim got stranded on the mountaintop... hope it's not too cold up there
Missing translation (translation column autofilled).
239
Original:
  woah good work
Translation:
  woah good work
Missing translation (translation column autofilled).
240
Original:
  Come on down to Burt's Crafts! Good goods, low prices!
Translation:
  Come on down to Burt's Crafts! Good goods, low prices!
Missing translation (translation column autofilled).
241
Original:
  Once I get my hands on stuff from the Crystal Loop over there, we're gonna have some CRAZY tech.
Translation:
  Once I get my hands on stuff from the Crystal Loop over there, we're gonna have some CRAZY tech.
Missing translation (translation column autofilled).
242
Original:
  An empty minecart? Are you for real?
Translation:
  An empty minecart? Are you for real?
Missing translation (translation column autofilled).
243
Original:
  Bring me some crystals from the Loop, then we can talk about the extraction tank.
Translation:
  Bring me some crystals from the Loop, then we can talk about the extraction tank.
Missing translation (translation column autofilled).
244
Original:
  Those crystals feel really hot and look really red...
Translation:
  Those crystals feel really hot and look really red...
Missing translation (translation column autofilled).
245
Original:
  Wait a second, those aren't crystals. It's a minecart of lava!
Translation:
  Wait a second, those aren't crystals. It's a minecart of lava!
Missing translation (translation column autofilled).
246
Original:
  I'll keep working on the tank, but don't expect anything until you help get me some crystals from the Loop.
Translation:
  I'll keep working on the tank, but don't expect anything until you help get me some crystals from the Loop.
Missing translation (translation column autofilled).
247
Original:
  Hey, you actually brought me some crystals!
Translation:
  Hey, you actually brought me some crystals!
Missing translation (translation column autofilled).
248
Original:
  Perfect timing, I just finished up that extraction tank.
Translation:
  Perfect timing, I just finished up that extraction tank.
Missing translation (translation column autofilled).
249
Original:
  Come back soon!
Translation:
  Come back soon!
Missing translation (translation column autofilled).
250
Original:
  Come back soon!
Translation:
  Come back soon!
Missing translation (translation column autofilled).
251
Original:
  The things I'm gonna do to these crystals...
Translation:
  The things I'm gonna do to these crystals...
Missing translation (translation column autofilled).
252
Original:
  I got plans I cannot share.
Translation:
  I got plans I cannot share.
Missing translation (translation column autofilled).
253
Original:
  A bucket? Sure, I can give you one of those. Whatchya got to offer?
Translation:
  A bucket? Sure, I can give you one of those. Whatchya got to offer?
Missing translation (translation column autofilled).
254
Original:
  Nothing? Hmm... next time you better pay up.
Translation:
  Nothing? Hmm... next time you better pay up.
Missing translation (translation column autofilled).
255
Original:
  Come back again soon!
Translation:
  Come back again soon!
Missing translation (translation column autofilled).
256
Original:
  If you ever need anything else, just let me know.
Translation:
  If you ever need anything else, just let me know.
Missing translation (translation column autofilled).
257
Original:
  No more freebies, though.
Translation:
  No more freebies, though.
Missing translation (translation column autofilled).
258
Original:
  You need a minecart?
Translation:
  You need a minecart?
Missing translation (translation column autofilled).
259
Original:
  Sorry bub i sold my last one yesterday.
Translation:
  Sorry bub i sold my last one yesterday.
Missing translation (translation column autofilled).
260
Original:
  Heard it got trapped behind that giant rock near the Crystal Loop. What a shame.
Translation:
  Heard it got trapped behind that giant rock near the Crystal Loop. What a shame.
Missing translation (translation column autofilled).
261
Original:
  Sounds like you found the minecart after all.
Translation:
  Sounds like you found the minecart after all.
Missing translation (translation column autofilled).
262
Original:
  Tell you what. I'll make you an extraction tank if you get me some crystals from the Loop. Deal?
Translation:
  Tell you what. I'll make you an extraction tank if you get me some crystals from the Loop. Deal?
Missing translation (translation column autofilled).
263
Original:
  An extraction tank? Sure, I can make you one of those. Whatchya got to offer?
Translation:
  An extraction tank? Sure, I can make you one of those. Whatchya got to offer?
Missing translation (translation column autofilled).
264
Original:
  Nothing? That won't do this time.
Translation:
  Nothing? That won't do this time.
Missing translation (translation column autofilled).
265
Original:
  You know I've been trying to get some crystals from the Loop, but I could never hash out the directions.
Translation:
  You know I've been trying to get some crystals from the Loop, but I could never hash out the directions.
Missing translation (translation column autofilled).
266
Original:
  Tell you what. I'll make you an extraction tank if you get me some crystals from the Loop. Deal?
Translation:
  Tell you what. I'll make you an extraction tank if you get me some crystals from the Loop. Deal?
Missing translation (translation column autofilled).
267
Original:
  An extraction tank? Sure, I can make you one of those. Whatchya got to offer?
Translation:
  An extraction tank? Sure, I can make you one of those. Whatchya got to offer?
Missing translation (translation column autofilled).
268
Original:
  Nothing? That won't do this time.
Translation:
  Nothing? That won't do this time.
Missing translation (translation column autofilled).
269
Original:
  You know I've been trying to get some crystals from the Loop, but I could never hash out the directions.
Translation:
  You know I've been trying to get some crystals from the Loop, but I could never hash out the directions.
Missing translation (translation column autofilled).
270
Original:
  Tell you what. I'll make you an extraction tank if you get me some crystals from the Loop. Deal?
Translation:
  Tell you what. I'll make you an extraction tank if you get me some crystals from the Loop. Deal?
Missing translation (translation column autofilled).
271
Original:
  Hey pal, I'm almost done with that extraction tank.
Translation:
  Hey pal, I'm almost done with that extraction tank.
Missing translation (translation column autofilled).
272
Original:
  You still need to pay up, though. In crystals.
Translation:
  You still need to pay up, though. In crystals.
Missing translation (translation column autofilled).
273
Original:
  I know you can get them over here safe and sound.
Translation:
  I know you can get them over here safe and sound.
Missing translation (translation column autofilled).
274
Original:
  How do you get the crystals here? Well, if I knew, I would have some.
Translation:
  How do you get the crystals here? Well, if I knew, I would have some.
Missing translation (translation column autofilled).
275
Original:
  That's why we trade. I'll finish up the extraction tank, you get me some crystals.
Translation:
  That's why we trade. I'll finish up the extraction tank, you get me some crystals.
=====================
END E:\_src\Localizations\简体中文\Mountain_scene.csv
=====================
=====================
BEGIN E:\_src\Localizations\简体中文\Ocean_scene.csv
=====================
Missing translation (translation column autofilled).
40
Original:
  <var>OceanTavernBoardAvailable</var>
Translation:
  <var>OceanTavernBoardAvailable</var>
Missing translation (translation column autofilled).
41
Original:
  <var>oceanTavernJukeboxString</var>
Translation:
  <var>oceanTavernJukeboxString</var>
Difference between tags in orig and translation
Original tags: []
Translation tags: ['<#2e44f0>', '</color>']
141
Original:
  Begone anchorless animal...
Translation:
  离我远点...没有<#2e44f0>船锚</color>的原始人...
Difference between tags in orig and translation
Original tags: ['<Cycle Equip>']
Translation tags: ['<切换>']
154
Original:
  Press <Cycle Equip> to stow The Anchor.
Translation:
  按<切换>键来装备/收起船锚.
Difference between tags in orig and translation
Original tags: []
Translation tags: ['<#2e44f0>', '</color>']
218
Original:
  Quickly now, go find one. I don't want people seein' an anchorless schmuck in my tavern. Bring one back and I'll see what I can do for you.
Translation:
  离我远点...没有<#2e44f0>船锚</color>的原始人...
=====================
END E:\_src\Localizations\简体中文\Ocean_scene.csv
=====================
=====================
BEGIN E:\_src\Localizations\简体中文\UICanvas_prefab.csv
=====================
Missing translation (translation column autofilled).
55
Original:
  1280 x 720
Translation:
  1280 x 720
Missing translation (translation column autofilled).
56
Original:
  1280 x 800
Translation:
  1280 x 800
Missing translation (translation column autofilled).
57
Original:
  1366 x 768
Translation:
  1366 x 768
Missing translation (translation column autofilled).
58
Original:
  1920 x 1080
Translation:
  1920 x 1080
Missing translation (translation column autofilled).
59
Original:
  2560 x 1440
Translation:
  2560 x 1440
=====================
END E:\_src\Localizations\简体中文\UICanvas_prefab.csv
=====================
=====================
BEGIN E:\_src\Localizations\简体中文\UIEffects_prefab.csv
=====================
=====================
END E:\_src\Localizations\简体中文\UIEffects_prefab.csv
=====================
=====================
BEGIN E:\_src\Localizations\简体中文\Village_scene.csv
=====================
Difference between tags in orig and translation
Original tags: ['</var>', '<var>']
Translation tags: ['</var>', '</wavy>', '<var>', '<wavy>']
1
Original:
  It started when <var>Cat</var> touched that Artifact you brought back.
Translation:
  <var>Cat</var>碰了一下你带回来的那个<wavy>古遗物.</wavy>
Difference between tags in orig and translation
Original tags: []
Translation tags: ['</var>', '<var>']
21
Original:
  Sigh... everything reminds me of them.
Translation:
  哎...我想<var>Cat</var>了.
Difference between tags in orig and translation
Original tags: []
Translation tags: ['</var>', '<var>']
24
Original:
  Sigh... everything reminds me of them.
Translation:
  哎...我想<var>Cat</var>了.
Difference between tags in orig and translation
Original tags: []
Translation tags: ['</var>', '<var>']
28
Original:
  Sigh... everything reminds me of them.
Translation:
  哎...我想<var>Cat</var>了.
Difference between tags in orig and translation
Original tags: []
Translation tags: ['</wavy>', '<wavy>']
70
Original:
  wOAH! everything is shakingggg
Translation:
  哇!好像在<wavy>地震</wavy>!!
Difference between tags in orig and translation
Original tags: []
Translation tags: ['</var>', '<var>']
150
Original:
  They're being stuffed in a bag? Thrown into the back of a truck?! Oh dear!
Translation:
  哦!<var>Cat</var>被装在一个袋子里...拉在一辆卡车后面?!天哪...
=====================
END E:\_src\Localizations\简体中文\Village_scene.csv
=====================
=====================
BEGIN E:\_src\Localizations\简体中文\_简体中文_configs.csv
=====================
=====================
END E:\_src\Localizations\简体中文\_简体中文_configs.csv
=====================
